Title,Price,Date
C20DMTG402S-DBLU-X-MD,20.00,2021-09-11
C20DMTG402S-DBLU-X-MD,20.00,2021-09-11
C20DMTG402S-DBLU-X-MD,120.00,2021-09-11
C20DMTG402S-DBLU-X-MD,120.00,2021-09-11
C20DMTG402S-DBLU-X-MD,120.00,2021-09-11
C20DMTG402S-DBLU-X-MD,120.00,2021-09-11
C20DMTG402S-DBLU-X-MD,120.00,2021-09-11
C20DMTG402S-DBLU-X-MD,120.00,2021-09-11
C20DMTG402S-DBLU-X-MD,120.00,2021-09-11
C20DMTG402S-DBLU-X-MD,120.00,2021-09-11
C20DMTG402S-DBLU-X-MD,120.00,2021-09-11
C20DMTG402S-DBLU-X-MD,120.00,2021-09-11
C20DMTG402S-DBLU-X-MD,120.00,2021-09-11
C20DMTG402S-DBLU-X-MD,120.00,2021-09-11
C20DMTG402S-DBLU-X-MD,120.00,2021-09-11
C20DMTG402S-DBLU-X-MD,120.00,2021-09-11
C20DMTG402S-DBLU-X-MD,120.00,2021-09-11
C20DMTG402S-DBLU-X-MD,120.00,2021-09-11
C20DMTG402S-DBLU-X-MD,120.00,2021-09-11
C20DMTG402S-DBLU-X-MD,120.00,2021-09-11
C20DMTG402S-DBLU-X-MD,120.00,2021-09-11
C20DMTG402S-DBLU-X-MD,120.00,2021-09-11
C20DMTG402S-DBLU-X-MD,120.00,2021-09-11
C20DMTG402S-DBLU-X-MD,120.00,2021-09-11
C20DMTG402S-DBLU-X-MD,120.00,2021-09-11
C20DMTG402S-DBLU-X-MD,120.00,2021-09-11
C20DMTG402S-DBLU-X-MD,120.00,2021-09-11
C20DMTG402S-DBLU-X-MD,120.00,2021-09-11
C20DMTG402S-DBLU-X-MD,120.00,2021-09-11
C20DMTG402S-DBLU-X-MD,120.00,2021-09-11
C20DMTG402S-DBLU-X-MD,120.00,2021-09-11
C20DMTG402S-DBLU-X-MD,120.00,2021-09-11
C20DMTG402S-DBLU-X-MD,120.00,2021-09-11
C20DMTG402S-DBLU-X-MD,120.00,2021-09-11
C20DMTG402S-DBLU-X-MD,120.00,2021-09-11
C20DMTG402S-DBLU-X-MD,120.00,2021-09-11
C20DMTG402S-DBLU-X-MD,120.00,2021-09-11
C20DMTG402S-DBLU-X-MD,120.00,2021-09-11
C20DMTG402S-DBLU-X-MD,120.00,2021-09-11
C20DMTG402S-DBLU-X-MD,120.00,2021-09-11
C20DMTG402S-DBLU-X-MD,120.00,2021-09-11
C20DMTG402S-DBLU-X-MD,120.00,2021-09-11
C20DMTG402S-DBLU-X-MD,120.00,2021-09-11
C20DMTG402S-DBLU-X-MD,120.00,2021-09-11
C20DMTG402S-DBLU-X-MD,120.00,2021-09-11
C20DMTG402S-DBLU-X-MD,120.00,2021-09-11
C20DMTG402S-DBLU-X-MD,120.00,2021-09-11
C20DMTG402S-DBLU-X-MD,120.00,2021-09-11
C20DMTG402S-DBLU-X-MD,120.00,2021-09-11
C20DMTG402S-DBLU-X-MD,120.00,2021-09-11
C20DMTG402S-DBLU-X-MD,120.00,2021-09-11
C20DMTG402S-DBLU-X-MD,120.00,2021-09-11
C20DMTG402S-DBLU-X-MD,120.00,2021-09-11
C20DMTG402S-DBLU-X-MD,120.00,2021-09-11
C20DMTG402S-DBLU-X-MD,120.00,2021-09-11
C20DMTG402S-DBLU-X-MD,120.00,2021-09-11
C20DMTG402S-DBLU-X-MD,120.00,2021-09-11
C20DMTG402S-DBLU-X-MD,120.00,2021-09-11
C20DMTG402S-DBLU-X-MD,120.00,2021-09-11
C20DMTG402S-DBLU-X-MD,120.00,2021-09-11
C20DMTG402S-DBLU-X-MD,120.00,2021-09-11
C20DMTG402S-DBLU-X-MD,120.00,2021-09-11
C20DMTG402S-DBLU-X-MD,120.00,2021-09-11
C20DMTG402S-DBLU-X-MD,120.00,2021-09-11
C20DMTG402S-DBLU-X-MD,120.00,2021-09-11
C20DMTG402S-DBLU-X-MD,120.00,2021-09-11
C20DMTG402S-DBLU-X-MD,120.00,2021-09-11
C20DMTG402S-DBLU-X-MD,120.00,2021-09-11
C20DMTG402S-DBLU-X-MD,120.00,2021-09-11
C20DMTG402S-DBLU-X-MD,120.00,2021-09-11
C20DMTG402S-DBLU-X-MD,120.00,2021-09-11
C20DMTG402S-DBLU-X-MD,120.00,2021-09-11
C20DMTG402S-DBLU-X-MD,120.00,2021-09-11
C20DMTG402S-DBLU-X-MD,120.00,2021-09-11
C20DMTG402S-DBLU-X-MD,120.00,2021-09-11
C20DMTG402S-DBLU-X-MD,120.00,2021-09-11
C20DMTG402S-DBLU-X-MD,120.00,2021-09-11
C20DMTG402S-DBLU-X-MD,120.00,2021-09-11
C20DMTG402S-DBLU-X-MD,120.00,2021-09-11
C20DMTG402S-DBLU-X-MD,120.00,2021-09-11
C20DMTG402S-DBLU-X-MD,120.00,2021-09-11
C20DMTG402S-DBLU-X-MD,120.00,2021-09-11
C20DMTG402S-DBLU-X-MD,120.00,2021-09-11
C20DMTG402S-DBLU-X-MD,120.00,2021-09-11
C20DMTG402S-DBLU-X-MD,120.00,2021-09-11
C20DMTG402S-DBLU-X-MD,120.00,2021-09-11
C20DMTG402S-DBLU-X-MD,120.00,2021-09-11
C20DMTG402S-DBLU-X-MD,120.00,2021-09-11
C20DMTG402S-DBLU-X-MD,120.00,2021-09-11
C20DMTG402S-DBLU-X-MD,120.00,2021-09-11
C20DMTG402S-DBLU-X-MD,120.00,2021-09-11
C20DMTG402S-DBLU-X-MD,120.00,2021-09-11
C20DMTG402S-DBLU-X-MD,120.00,2021-09-11
C20DMTG402S-DBLU-X-MD,120.00,2021-09-11
C20DMTG402S-DBLU-X-MD,120.00,2021-09-11
C20DMTG402S-DBLU-X-MD,120.00,2021-09-11
C20DMTG402S-DBLU-X-MD,120.00,2021-09-11
C20DMTG402S-DBLU-X-MD,120.00,2021-09-11
C20DMTG402S-DBLU-X-MD,120.00,2021-09-11
C20DMTG402S-DBLU-X-MD,120.00,2021-09-11
C20DMTG402S-DBLU-X-MD,120.00,2021-09-11
C20DMTG402S-DBLU-X-MD,120.00,2021-09-11
C20DMTG402S-DBLU-X-MD,120.00,2021-09-11
C20DMTG402S-DBLU-X-MD,120.00,2021-09-11
C20DMTG402S-DBLU-X-MD,120.00,2021-09-11
C20DMTG402S-DBLU-X-MD,120.00,2021-09-11
C20DMTG402S-DBLU-X-MD,120.00,2021-09-11
C20DMTG402S-DBLU-X-MD,120.00,2021-09-11
C20DMTG402S-DBLU-X-MD,120.00,2021-09-11
C20DMTG402S-DBLU-X-MD,120.00,2021-09-11
C20DMTG402S-DBLU-X-MD,120.00,2021-09-11
C20DMTG402S-DBLU-X-MD,120.00,2021-09-11
C20DMTG402S-DBLU-X-MD,120.00,2021-09-11
C20DMTG402S-DBLU-X-MD,120.00,2021-09-11
C20DMTG402S-DBLU-X-MD,120.00,2021-09-11
C20DMTG402S-DBLU-X-MD,120.00,2021-09-11
C20DMTG402S-DBLU-X-MD,120.00,2021-09-11
C20DMTG402S-DBLU-X-MD,120.00,2021-09-11
C20DMTG402S-DBLU-X-MD,120.00,2021-09-11
C20DMTG402S-DBLU-X-MD,120.00,2021-09-11
C20DMTG402S-DBLU-X-MD,120.00,2021-09-11
C20DMTG402S-DBLU-X-MD,120.00,2021-09-11
C20DMTG402S-DBLU-X-MD,120.00,2021-09-11
C20DMTG402S-DBLU-X-MD,120.00,2021-09-11
C20DMTG402S-DBLU-X-MD,120.00,2021-09-11
C20DMTG402S-DBLU-X-MD,120.00,2021-09-11
C20DMTG402S-DBLU-X-MD,120.00,2021-09-11
C20DMTG402S-DBLU-X-MD,120.00,2021-09-11
C20DMTG402S-DBLU-X-MD,120.00,2021-09-11
C20DMTG402S-DBLU-X-MD,120.00,2021-09-11
C20DMTG402S-DBLU-X-MD,120.00,2021-09-11
C20DMTG402S-DBLU-X-MD,120.00,2021-09-11
C20DMTG402S-DBLU-X-MD,120.00,2021-09-11
C20DMTG402S-DBLU-X-MD,120.00,2021-09-11
C20DMTG402S-DBLU-X-MD,120.00,2021-09-11
C20DMTG402S-DBLU-X-MD,120.00,2021-09-11
C20DMTG402S-DBLU-X-MD,120.00,2021-09-11
C20DMTG402S-DBLU-X-MD,120.00,2021-09-11
C20DMTG402S-DBLU-X-MD,120.00,2021-09-11
C20DMTG402S-DBLU-X-MD,120.00,2021-09-11
C20DMTG402S-DBLU-X-MD,120.00,2021-09-11
C20DMTG402S-DBLU-X-MD,120.00,2021-09-11
C20DMTG402S-DBLU-X-MD,120.00,2021-09-11
C20DMTG402S-DBLU-X-MD,120.00,2021-09-11
C20DMTG402S-DBLU-X-MD,120.00,2021-09-11
C20DMTG402S-DBLU-X-MD,120.00,2021-09-11
C20DMTG402S-DBLU-X-MD,120.00,2021-09-11
C20DMTG402S-DBLU-X-MD,120.00,2021-09-11
C20DMTG402S-DBLU-X-MD,120.00,2021-09-11
C20DMTG402S-DBLU-X-MD,120.00,2021-09-11
C20DMTG402S-DBLU-X-MD,120.00,2021-09-11
C20DMTG402S-DBLU-X-MD,120.00,2021-09-11
C20DMTG402S-DBLU-X-MD,120.00,2021-09-11
C20DMTG402S-DBLU-X-MD,120.00,2021-09-11
C20DMTG402S-DBLU-X-MD,120.00,2021-09-11
C20DMTG402S-DBLU-X-MD,120.00,2021-09-11
C20DMTG402S-DBLU-X-MD,120.00,2021-09-11
C20DMTG402S-DBLU-X-MD,120.00,2021-09-11
C20DMTG402S-DBLU-X-MD,120.00,2021-09-11
C20DMTG402S-DBLU-X-MD,120.00,2021-09-11
C20DMTG402S-DBLU-X-MD,120.00,2021-09-11
C20DMTG402S-DBLU-X-MD,120.00,2021-09-11
C20DMTG402S-DBLU-X-MD,120.00,2021-09-11
C20DMTG402S-DBLU-X-MD,120.00,2021-09-11
C20DMTG402S-DBLU-X-MD,120.00,2021-09-11
C20DMTG402S-DBLU-X-MD,120.00,2021-09-11
C20DMTG402S-DBLU-X-MD,120.00,2021-09-11
C20DMTG402S-DBLU-X-MD,120.00,2021-09-11
C20DMTG402S-DBLU-X-MD,120.00,2021-09-11
C20DMTG402S-DBLU-X-MD,120.00,2021-09-11
C20DMTG402S-DBLU-X-MD,120.00,2021-09-11
C20DMTG402S-DBLU-X-MD,120.00,2021-09-11
C20DMTG402S-DBLU-X-MD,120.00,2021-09-11
C20DMTG402S-DBLU-X-MD,120.00,2021-09-11
C20DMTG402S-DBLU-X-MD,120.00,2021-09-11
C20DMTG402S-DBLU-X-MD,120.00,2021-09-11
C20DMTG402S-DBLU-X-MD,120.00,2021-09-11
C20DMTG402S-DBLU-X-MD,120.00,2021-09-11
C20DMTG402S-DBLU-X-MD,120.00,2021-09-11
C20DMTG402S-DBLU-X-MD,120.00,2021-09-11
C20DMTG402S-DBLU-X-MD,120.00,2021-09-11
C20DMTG402S-DBLU-X-MD,120.00,2021-09-11
C20DMTG402S-DBLU-X-MD,120.00,2021-09-11
C20DMTG402S-DBLU-X-MD,120.00,2021-09-11
C20DMTG402S-DBLU-X-MD,120.00,2021-09-11
C20DMTG402S-DBLU-X-MD,120.00,2021-09-11
C20DMTG402S-DBLU-X-MD,120.00,2021-09-11
C20DMTG402S-DBLU-X-MD,120.00,2021-09-11
C20DMTG402S-DBLU-X-MD,120.00,2021-09-11
C20DMTG402S-DBLU-X-MD,120.00,2021-09-11
C20DMTG402S-DBLU-X-MD,120.00,2021-09-11
C20DMTG402S-DBLU-X-MD,120.00,2021-09-11
C20DMTG402S-DBLU-X-MD,120.00,2021-09-11
C20DMTG402S-DBLU-X-MD,120.00,2021-09-11
C20DMTG402S-DBLU-X-MD,120.00,2021-09-11
C20DMTG402S-DBLU-X-MD,120.00,2021-09-11
C20DMTG402S-DBLU-X-MD,120.00,2021-09-11
C20DMTG402S-DBLU-X-MD,120.00,2021-09-11
C20DMTG402S-DBLU-X-MD,120.00,2021-09-11
C20DMTG402S-DBLU-X-MD,120.00,2021-09-11
C20DMTG402S-DBLU-X-MD,120.00,2021-09-11
C20DMTG402S-DBLU-X-MD,120.00,2021-09-11
C20DMTG402S-DBLU-X-MD,120.00,2021-09-11
C20DMTG402S-DBLU-X-MD,120.00,2021-09-11
C20DMTG402S-DBLU-X-MD,120.00,2021-09-11
C20DMTG402S-DBLU-X-MD,120.00,2021-09-11
C20DMTG402S-DBLU-X-MD,120.00,2021-09-11
C20DMTG402S-DBLU-X-MD,120.00,2021-09-11
C20DMTG402S-DBLU-X-MD,120.00,2021-09-11
C20DMTG402S-DBLU-X-MD,120.00,2021-09-11
C20DMTG402S-DBLU-X-MD,120.00,2021-09-11
C20DMTG402S-DBLU-X-MD,120.00,2021-09-11
C20DMTG402S-DBLU-X-MD,120.00,2021-09-11
C20DMTG402S-DBLU-X-MD,120.00,2021-09-11
C20DMTG402S-DBLU-X-MD,120.00,2021-09-11
C20DMTG402S-DBLU-X-MD,120.00,2021-09-11
C20DMTG402S-DBLU-X-MD,120.00,2021-09-11
C20DMTG402S-DBLU-X-MD,120.00,2021-09-11
C20DMTG402S-DBLU-X-MD,120.00,2021-09-11
C20DMTG402S-DBLU-X-MD,120.00,2021-09-11
C20DMTG402S-DBLU-X-MD,120.00,2021-09-11
C20DMTG402S-DBLU-X-MD,120.00,2021-09-11
C20DMTG402S-DBLU-X-MD,120.00,2021-09-11
C20DMTG402S-DBLU-X-MD,120.00,2021-09-11
C20DMTG402S-DBLU-X-MD,120.00,2021-09-11
C20DMTG402S-DBLU-X-MD,120.00,2021-09-11
C20DMTG402S-DBLU-X-MD,120.00,2021-09-11
C20DMTG402S-DBLU-X-MD,120.00,2021-09-11
C20DMTG402S-DBLU-X-MD,120.00,2021-09-11
C20DMTG402S-DBLU-X-MD,120.00,2021-09-11
C20DMTG402S-DBLU-X-MD,120.00,2021-09-11
C20DMTG402S-DBLU-X-MD,120.00,2021-09-11
C20DMTG402S-DBLU-X-MD,120.00,2021-09-11
C20DMTG402S-DBLU-X-MD,120.00,2021-09-11
C20DMTG402S-DBLU-X-MD,120.00,2021-09-11
C20DMTG402S-DBLU-X-MD,120.00,2021-09-11
C20DMTG402S-DBLU-X-MD,120.00,2021-09-11
C20DMTG402S-DBLU-X-MD,120.00,2021-09-11
C20DMTG402S-DBLU-X-MD,120.00,2021-09-11
C20DMTG402S-DBLU-X-MD,120.00,2021-09-11
C20DMTG402S-DBLU-X-MD,120.00,2021-09-11
C20DMTG402S-DBLU-X-MD,120.00,2021-09-11
C20DMTG402S-DBLU-X-MD,120.00,2021-09-11
C20DMTG402S-DBLU-X-MD,120.00,2021-09-11
C20DMTG402S-DBLU-X-MD,120.00,2021-09-11
C20DMTG402S-DBLU-X-MD,120.00,2021-09-11
C20DMTG402S-DBLU-X-MD,120.00,2021-09-11
C20DMTG402S-DBLU-X-MD,120.00,2021-09-11
C20DMTG402S-DBLU-X-MD,120.00,2021-09-11
C20DMTG402S-DBLU-X-MD,120.00,2021-09-11
C20DMTG402S-DBLU-X-MD,120.00,2021-09-11
C20DMTG402S-DBLU-X-MD,120.00,2021-09-11
C20DMTG402S-DBLU-X-MD,120.00,2021-09-11
C20DMTG402S-DBLU-X-MD,120.00,2021-09-11
C20DMTG402S-DBLU-X-MD,120.00,2021-09-11
C20DMTG402S-DBLU-X-MD,120.00,2021-09-11
C20DMTG402S-DBLU-X-MD,120.00,2021-09-11
C20DMTG402S-DBLU-X-MD,120.00,2021-09-11
C20DMTG402S-DBLU-X-MD,120.00,2021-09-11
C20DMTG402S-DBLU-X-MD,120.00,2021-09-11
C20DMTG402S-DBLU-X-MD,120.00,2021-09-11
C20DMTG402S-DBLU-X-MD,120.00,2021-09-11
C20DMTG402S-DBLU-X-MD,120.00,2021-09-11
C20DMTG402S-DBLU-X-MD,120.00,2021-09-11
C20DMTG402S-DBLU-X-MD,120.00,2021-09-11
C20DMTG402S-DBLU-X-MD,120.00,2021-09-11
C20DMTG402S-DBLU-X-MD,120.00,2021-09-11
C20DMTG402S-DBLU-X-MD,120.00,2021-09-11
C20DMTG402S-DBLU-X-MD,120.00,2021-09-11
C20DMTG402S-DBLU-X-MD,120.00,2021-09-11
C20DMTG402S-DBLU-X-MD,120.00,2021-09-11
C20DMTG402S-DBLU-X-MD,120.00,2021-09-11
C20DMTG402S-DBLU-X-MD,120.00,2021-09-11
C20DMTG402S-DBLU-X-MD,120.00,2021-09-11
C20DMTG402S-DBLU-X-MD,120.00,2021-09-11
C20DMTG402S-DBLU-X-MD,120.00,2021-09-11
C20DMTG402S-DBLU-X-MD,120.00,2021-09-11
C20DMTG402S-DBLU-X-MD,120.00,2021-09-11
C20DMTG402S-DBLU-X-MD,120.00,2021-09-11
C20DMTG402S-DBLU-X-MD,120.00,2021-09-11
C20DMTG402S-DBLU-X-MD,120.00,2021-09-11
C20DMTG402S-DBLU-X-MD,120.00,2021-09-11
C20DMTG402S-DBLU-X-MD,120.00,2021-09-11
C20DMTG402S-DBLU-X-MD,120.00,2021-09-11
C20DMTG402S-DBLU-X-MD,120.00,2021-09-11
C20DMTG402S-DBLU-X-MD,120.00,2021-09-11
C20DMTG402S-DBLU-X-MD,120.00,2021-09-11
C20DMTG402S-DBLU-X-MD,120.00,2021-09-11
C20DMTG402S-DBLU-X-MD,120.00,2021-09-11
C20DMTG402S-DBLU-X-MD,120.00,2021-09-11
C20DMTG402S-DBLU-X-MD,120.00,2021-09-11
C20DMTG402S-DBLU-X-MD,120.00,2021-09-11
C20DMTG402S-DBLU-X-MD,120.00,2021-09-11
C20DMTG402S-DBLU-X-MD,120.00,2021-09-11
C20DMTG402S-DBLU-X-MD,120.00,2021-09-11
C20DMTG402S-DBLU-X-MD,120.00,2021-09-11
C20DMTG402S-DBLU-X-MD,120.00,2021-09-11
C20DMTG402S-DBLU-X-MD,120.00,2021-09-11
C20DMTG402S-DBLU-X-MD,120.00,2021-09-11
C20DMTG402S-DBLU-X-MD,120.00,2021-09-11
C20DMTG402S-DBLU-X-MD,120.00,2021-09-11
C20DMTG402S-DBLU-X-MD,120.00,2021-09-11
C20DMTG402S-DBLU-X-MD,120.00,2021-09-11
C20DMTG402S-DBLU-X-MD,120.00,2021-09-11
C20DMTG402S-DBLU-X-MD,120.00,2021-09-11
C20DMTG402S-DBLU-X-MD,120.00,2021-09-11
C20DMTG402S-DBLU-X-MD,120.00,2021-09-11
C20DMTG402S-DBLU-X-MD,120.00,2021-09-11
C20DMTG402S-DBLU-X-MD,120.00,2021-09-11
C20DMTG402S-DBLU-X-MD,120.00,2021-09-11
C20DMTG402S-DBLU-X-MD,120.00,2021-09-11
C20DMTG402S-DBLU-X-MD,120.00,2021-09-11
C20DMTG402S-DBLU-X-MD,120.00,2021-09-11
C20DMTG402S-DBLU-X-MD,120.00,2021-09-11
C20DMTG402S-DBLU-X-MD,120.00,2021-09-11
C20DMTG402S-DBLU-X-MD,120.00,2021-09-11
C20DMTG402S-DBLU-X-MD,120.00,2021-09-11
C20DMTG402S-DBLU-X-MD,120.00,2021-09-11
C20DMTG402S-DBLU-X-MD,120.00,2021-09-11
C20DMTG402S-DBLU-X-MD,120.00,2021-09-11
C20DMTG402S-DBLU-X-MD,120.00,2021-09-11
C20DMTG402S-DBLU-X-MD,120.00,2021-09-11
C20DMTG402S-DBLU-X-MD,120.00,2021-09-11
C20DMTG402S-DBLU-X-MD,120.00,2021-09-11
C20DMTG402S-DBLU-X-MD,120.00,2021-09-11
C20DMTG402S-DBLU-X-MD,120.00,2021-09-11
C20DMTG402S-DBLU-X-MD,120.00,2021-09-11
C20DMTG402S-DBLU-X-MD,120.00,2021-09-11
C20DMTG402S-DBLU-X-MD,120.00,2021-09-11
C20DMTG402S-DBLU-X-MD,120.00,2021-09-11
C20DMTG402S-DBLU-X-MD,120.00,2021-09-11
C20DMTG402S-DBLU-X-MD,120.00,2021-09-11
C20DMTG402S-DBLU-X-MD,120.00,2021-09-11
C20DMTG402S-DBLU-X-MD,120.00,2021-09-11
C20DMTG402S-DBLU-X-MD,120.00,2021-09-11
C20DMTG402S-DBLU-X-MD,120.00,2021-09-11
C20DMTG402S-DBLU-X-MD,120.00,2021-09-11
C20DMTG402S-DBLU-X-MD,120.00,2021-09-11
C20DMTG402S-DBLU-X-MD,120.00,2021-09-11
C20DMTG402S-DBLU-X-MD,120.00,2021-09-11
C20DMTG402S-DBLU-X-MD,120.00,2021-09-11
C20DMTG402S-DBLU-X-MD,120.00,2021-09-11
C20DMTG402S-DBLU-X-MD,120.00,2021-09-11
C20DMTG402S-DBLU-X-MD,120.00,2021-09-11
C20DMTG402S-DBLU-X-MD,120.00,2021-09-11
C20DMTG402S-DBLU-X-MD,120.00,2021-09-11
C20DMTG402S-DBLU-X-MD,120.00,2021-09-11
C20DMTG402S-DBLU-X-MD,120.00,2021-09-11
C20DMTG402S-DBLU-X-MD,120.00,2021-09-11
C20DMTG402S-DBLU-X-MD,120.00,2021-09-11
C20DMTG402S-DBLU-X-MD,120.00,2021-09-11
C20DMTG402S-DBLU-X-MD,120.00,2021-09-11
C20DMTG402S-DBLU-X-MD,120.00,2021-09-11
C20DMTG402S-DBLU-X-MD,120.00,2021-09-11
C20DMTG402S-DBLU-X-MD,120.00,2021-09-11
C20DMTG402S-DBLU-X-MD,120.00,2021-09-11
C20DMTG402S-DBLU-X-MD,120.00,2021-09-11
C20DMTG402S-DBLU-X-MD,120.00,2021-09-11
C20DMTG402S-DBLU-X-MD,120.00,2021-09-11
C20DMTG402S-DBLU-X-MD,120.00,2021-09-11
C20DMTG402S-DBLU-X-MD,120.00,2021-09-11
C20DMTG402S-DBLU-X-MD,120.00,2021-09-11
C20DMTG402S-DBLU-X-MD,120.00,2021-09-11
C20DMTG402S-DBLU-X-MD,120.00,2021-09-11
C20DMTG402S-DBLU-X-MD,120.00,2021-09-11
C20DMTG402S-DBLU-X-MD,120.00,2021-09-11
C20DMTG402S-DBLU-X-MD,120.00,2021-09-11
C20DMTG402S-DBLU-X-MD,120.00,2021-09-11
C20DMTG402S-DBLU-X-MD,120.00,2021-09-11
C20DMTG402S-DBLU-X-MD,120.00,2021-09-11
C20DMTG402S-DBLU-X-MD,120.00,2021-09-11
C20DMTG402S-DBLU-X-MD,120.00,2021-09-11
C20DMTG402S-DBLU-X-MD,120.00,2021-09-11
C20DMTG402S-DBLU-X-MD,120.00,2021-09-11
C20DMTG402S-DBLU-X-MD,120.00,2021-09-11
C20DMTG402S-DBLU-X-MD,120.00,2021-09-11
C20DMTG402S-DBLU-X-MD,120.00,2021-09-11
C20DMTG402S-DBLU-X-MD,120.00,2021-09-11
C20DMTG402S-DBLU-X-MD,120.00,2021-09-11
C20DMTG402S-DBLU-X-MD,120.00,2021-09-11
C20DMTG402S-DBLU-X-MD,120.00,2021-09-11
C20DMTG402S-DBLU-X-MD,120.00,2021-09-11
C20DMTG402S-DBLU-X-MD,120.00,2021-09-11
C20DMTG402S-DBLU-X-MD,120.00,2021-09-11
C20DMTG402S-DBLU-X-MD,120.00,2021-09-11
C20DMTG402S-DBLU-X-MD,120.00,2021-09-11
C20DMTG402S-DBLU-X-MD,120.00,2021-09-11
C20DMTG402S-DBLU-X-MD,120.00,2021-09-11
C20DMTG402S-DBLU-X-MD,120.00,2021-09-11
C20DMTG402S-DBLU-X-MD,120.00,2021-09-11
C20DMTG402S-DBLU-X-MD,120.00,2021-09-11
C20DMTG402S-DBLU-X-MD,120.00,2021-09-11
C20DMTG402S-DBLU-X-MD,120.00,2021-09-11
C20DMTG402S-DBLU-X-MD,120.00,2021-09-11
C20DMTG402S-DBLU-X-MD,120.00,2021-09-11
C20DMTG402S-DBLU-X-MD,120.00,2021-09-11
C20DMTG402S-DBLU-X-MD,120.00,2021-09-11
C20DMTG402S-DBLU-X-MD,120.00,2021-09-11
C20DMTG402S-DBLU-X-MD,120.00,2021-09-11
C20DMTG402S-DBLU-X-MD,120.00,2021-09-11
C20DMTG402S-DBLU-X-MD,120.00,2021-09-11
C20DMTG402S-DBLU-X-MD,120.00,2021-09-11
C20DMTG402S-DBLU-X-MD,120.00,2021-09-11
C20DMTG402S-DBLU-X-MD,120.00,2021-09-11
C20DMTG402S-DBLU-X-MD,120.00,2021-09-11
C20DMTG402S-DBLU-X-MD,120.00,2021-09-11
C20DMTG402S-DBLU-X-MD,120.00,2021-09-11
C20DMTG402S-DBLU-X-MD,120.00,2021-09-11
C20DMTG402S-DBLU-X-MD,120.00,2021-09-11
C20DMTG402S-DBLU-X-MD,120.00,2021-09-11
C20DMTG402S-DBLU-X-MD,120.00,2021-09-11
C20DMTG402S-DBLU-X-MD,120.00,2021-09-11
C20DMTG402S-DBLU-X-MD,120.00,2021-09-11
C20DMTG402S-DBLU-X-MD,120.00,2021-09-11
C20DMTG402S-DBLU-X-MD,120.00,2021-09-11
C20DMTG402S-DBLU-X-MD,120.00,2021-09-11
C20DMTG402S-DBLU-X-MD,120.00,2021-09-11
C20DMTG402S-DBLU-X-MD,120.00,2021-09-11
C20DMTG402S-DBLU-X-MD,120.00,2021-09-11
C20DMTG402S-DBLU-X-MD,120.00,2021-09-11
C20DMTG402S-DBLU-X-MD,120.00,2021-09-11
C20DMTG402S-DBLU-X-MD,120.00,2021-09-11
C20DMTG402S-DBLU-X-MD,120.00,2021-09-11
C20DMTG402S-DBLU-X-MD,120.00,2021-09-11
C20DMTG402S-DBLU-X-MD,120.00,2021-09-11
C20DMTG402S-DBLU-X-MD,120.00,2021-09-11
C20DMTG402S-DBLU-X-MD,120.00,2021-09-11
C20DMTG402S-DBLU-X-MD,120.00,2021-09-11
C20DMTG402S-DBLU-X-MD,120.00,2021-09-11
C20DMTG402S-DBLU-X-MD,120.00,2021-09-11
C20DMTG402S-DBLU-X-MD,120.00,2021-09-11
C20DMTG402S-DBLU-X-MD,120.00,2021-09-11
C20DMTG402S-DBLU-X-MD,120.00,2021-09-11
C20DMTG402S-DBLU-X-MD,120.00,2021-09-11
C20DMTG402S-DBLU-X-MD,120.00,2021-09-11
C20DMTG402S-DBLU-X-MD,120.00,2021-09-11
C20DMTG402S-DBLU-X-MD,120.00,2021-09-11
C20DMTG402S-DBLU-X-MD,120.00,2021-09-11
C20DMTG402S-DBLU-X-MD,120.00,2021-09-11
C20DMTG402S-DBLU-X-MD,120.00,2021-09-11
C20DMTG402S-DBLU-X-MD,120.00,2021-09-11
C20DMTG402S-DBLU-X-MD,120.00,2021-09-11
C20DMTG402S-DBLU-X-MD,120.00,2021-09-11
C20DMTG402S-DBLU-X-MD,120.00,2021-09-11
C20DMTG402S-DBLU-X-MD,120.00,2021-09-11
C20DMTG402S-DBLU-X-MD,120.00,2021-09-11
C20DMTG402S-DBLU-X-MD,120.00,2021-09-11
C20DMTG402S-DBLU-X-MD,120.00,2021-09-11
C20DMTG402S-DBLU-X-MD,120.00,2021-09-11
C20DMTG402S-DBLU-X-MD,120.00,2021-09-11
C20DMTG402S-DBLU-X-MD,120.00,2021-09-11
C20DMTG402S-DBLU-X-MD,120.00,2021-09-11
C20DMTG402S-DBLU-X-MD,120.00,2021-09-11
C20DMTG402S-DBLU-X-MD,120.00,2021-09-11
C20DMTG402S-DBLU-X-MD,120.00,2021-09-11
C20DMTG402S-DBLU-X-MD,120.00,2021-09-11
C20DMTG402S-DBLU-X-MD,120.00,2021-09-11
C20DMTG402S-DBLU-X-MD,120.00,2021-09-11
C20DMTG402S-DBLU-X-MD,120.00,2021-09-11
C20DMTG402S-DBLU-X-MD,120.00,2021-09-11
C20DMTG402S-DBLU-X-MD,120.00,2021-09-11
C20DMTG402S-DBLU-X-MD,120.00,2021-09-11
C20DMTG402S-DBLU-X-MD,120.00,2021-09-11
C20DMTG402S-DBLU-X-MD,120.00,2021-09-11
C20DMTG402S-DBLU-X-MD,120.00,2021-09-11
C20DMTG402S-DBLU-X-MD,120.00,2021-09-11
C20DMTG402S-DBLU-X-MD,120.00,2021-09-11
C20DMTG402S-DBLU-X-MD,120.00,2021-09-11
C20DMTG402S-DBLU-X-MD,120.00,2021-09-11
C20DMTG402S-DBLU-X-MD,120.00,2021-09-11
C20DMTG402S-DBLU-X-MD,120.00,2021-09-11
C20DMTG402S-DBLU-X-MD,120.00,2021-09-11
C20DMTG402S-DBLU-X-MD,120.00,2021-09-11
C20DMTG402S-DBLU-X-MD,120.00,2021-09-11
C20DMTG402S-DBLU-X-MD,120.00,2021-09-11
C20DMTG402S-DBLU-X-MD,120.00,2021-09-11
C20DMTG402S-DBLU-X-MD,120.00,2021-09-11
C20DMTG402S-DBLU-X-MD,120.00,2021-09-11
C20DMTG402S-DBLU-X-MD,120.00,2021-09-11
C20DMTG402S-DBLU-X-MD,120.00,2021-09-11
C20DMTG402S-DBLU-X-MD,120.00,2021-09-11
C20DMTG402S-DBLU-X-MD,120.00,2021-09-11
C20DMTG402S-DBLU-X-MD,120.00,2021-09-11
C20DMTG402S-DBLU-X-MD,120.00,2021-09-11
C20DMTG402S-DBLU-X-MD,120.00,2021-09-11
C20DMTG402S-DBLU-X-MD,120.00,2021-09-11
C20DMTG402S-DBLU-X-MD,120.00,2021-09-11
C20DMTG402S-DBLU-X-MD,120.00,2021-09-11
C20DMTG402S-DBLU-X-MD,120.00,2021-09-11
C20DMTG402S-DBLU-X-MD,120.00,2021-09-11
C20DMTG402S-DBLU-X-MD,120.00,2021-09-11
C20DMTG402S-DBLU-X-MD,120.00,2021-09-11
C20DMTG402S-DBLU-X-MD,120.00,2021-09-11
C20DMTG402S-DBLU-X-MD,120.00,2021-09-11
C20DMTG402S-DBLU-X-MD,120.00,2021-09-11
C20DMTG402S-DBLU-X-MD,120.00,2021-09-11
C20DMTG402S-DBLU-X-MD,120.00,2021-09-11
C20DMTG402S-DBLU-X-MD,120.00,2021-09-11
C20DMTG402S-DBLU-X-MD,120.00,2021-09-11
C20DMTG402S-DBLU-X-MD,120.00,2021-09-11
C20DMTG402S-DBLU-X-MD,120.00,2021-09-11
C20DMTG402S-DBLU-X-MD,120.00,2021-09-11
C20DMTG402S-DBLU-X-MD,120.00,2021-09-11
C20DMTG402S-DBLU-X-MD,120.00,2021-09-11
C20DMTG402S-DBLU-X-MD,120.00,2021-09-11
C20DMTG402S-DBLU-X-MD,120.00,2021-09-11
C20DMTG402S-DBLU-X-MD,120.00,2021-09-11
C20DMTG402S-DBLU-X-MD,120.00,2021-09-11
C20DMTG402S-DBLU-X-MD,120.00,2021-09-11
C20DMTG402S-DBLU-X-MD,120.00,2021-09-11
C20DMTG402S-DBLU-X-MD,120.00,2021-09-11
C20DMTG402S-DBLU-X-MD,120.00,2021-09-11
C20DMTG402S-DBLU-X-MD,120.00,2021-09-11
C20DMTG402S-DBLU-X-MD,120.00,2021-09-11
C20DMTG402S-DBLU-X-MD,120.00,2021-09-11
C20DMTG402S-DBLU-X-MD,120.00,2021-09-11
C20DMTG402S-DBLU-X-MD,120.00,2021-09-11
C20DMTG402S-DBLU-X-MD,120.00,2021-09-11
C20DMTG402S-DBLU-X-MD,120.00,2021-09-11
C20DMTG402S-DBLU-X-MD,120.00,2021-09-11
C20DMTG402S-DBLU-X-MD,120.00,2021-09-11
C20DMTG402S-DBLU-X-MD,120.00,2021-09-11
C20DMTG402S-DBLU-X-MD,120.00,2021-09-11
C20DMTG402S-DBLU-X-MD,120.00,2021-09-11
C20DMTG402S-DBLU-X-MD,120.00,2021-09-11
C20DMTG402S-DBLU-X-MD,120.00,2021-09-11
C20DMTG402S-DBLU-X-MD,120.00,2021-09-11
C20DMTG402S-DBLU-X-MD,120.00,2021-09-11
C20DMTG402S-DBLU-X-MD,120.00,2021-09-11
C20DMTG402S-DBLU-X-MD,120.00,2021-09-11
C20DMTG402S-DBLU-X-MD,120.00,2021-09-11
C20DMTG402S-DBLU-X-MD,120.00,2021-09-11
C20DMTG402S-DBLU-X-MD,120.00,2021-09-11
C20DMTG402S-DBLU-X-MD,120.00,2021-09-11
C20DMTG402S-DBLU-X-MD,120.00,2021-09-11
C20DMTG402S-DBLU-X-MD,120.00,2021-09-11
C20DMTG402S-DBLU-X-MD,120.00,2021-09-11
C20DMTG402S-DBLU-X-MD,120.00,2021-09-11
C20DMTG402S-DBLU-X-MD,120.00,2021-09-11
C20DMTG402S-DBLU-X-MD,120.00,2021-09-11
C20DMTG402S-DBLU-X-MD,120.00,2021-09-11
C20DMTG402S-DBLU-X-MD,120.00,2021-09-11
C20DMTG402S-DBLU-X-MD,120.00,2021-09-11
C20DMTG402S-DBLU-X-MD,120.00,2021-09-11
C20DMTG402S-DBLU-X-MD,120.00,2021-09-11
C20DMTG402S-DBLU-X-MD,120.00,2021-09-11
C20DMTG402S-DBLU-X-MD,120.00,2021-09-11
C20DMTG402S-DBLU-X-MD,120.00,2021-09-11
C20DMTG402S-DBLU-X-MD,120.00,2021-09-11
C20DMTG402S-DBLU-X-MD,120.00,2021-09-11
C20DMTG402S-DBLU-X-MD,120.00,2021-09-11
C20DMTG402S-DBLU-X-MD,120.00,2021-09-11
C20DMTG402S-DBLU-X-MD,120.00,2021-09-11
C20DMTG402S-DBLU-X-MD,120.00,2021-09-11
C20DMTG402S-DBLU-X-MD,120.00,2021-09-11
C20DMTG402S-DBLU-X-MD,120.00,2021-09-11
C20DMTG402S-DBLU-X-MD,120.00,2021-09-11
C20DMTG402S-DBLU-X-MD,120.00,2021-09-11
C20DMTG402S-DBLU-X-MD,120.00,2021-09-11
C20DMTG402S-DBLU-X-MD,120.00,2021-09-11
C20DMTG402S-DBLU-X-MD,120.00,2021-09-11
C20DMTG402S-DBLU-X-MD,120.00,2021-09-11
C20DMTG402S-DBLU-X-MD,120.00,2021-09-11
C20DMTG402S-DBLU-X-MD,120.00,2021-09-11
C20DMTG402S-DBLU-X-MD,120.00,2021-09-11
C20DMTG402S-DBLU-X-MD,120.00,2021-09-11
C20DMTG402S-DBLU-X-MD,120.00,2021-09-11
C20DMTG402S-DBLU-X-MD,120.00,2021-09-11
C20DMTG402S-DBLU-X-MD,120.00,2021-09-11
C20DMTG402S-DBLU-X-MD,120.00,2021-09-11
C20DMTG402S-DBLU-X-MD,120.00,2021-09-11
C20DMTG402S-DBLU-X-MD,120.00,2021-09-11
C20DMTG402S-DBLU-X-MD,120.00,2021-09-11
C20DMTG402S-DBLU-X-MD,120.00,2021-09-11
C20DMTG402S-DBLU-X-MD,120.00,2021-09-11
C20DMTG402S-DBLU-X-MD,120.00,2021-09-11
C20DMTG402S-DBLU-X-MD,120.00,2021-09-11
C20DMTG402S-DBLU-X-MD,120.00,2021-09-11
C20DMTG402S-DBLU-X-MD,120.00,2021-09-11
C20DMTG402S-DBLU-X-MD,120.00,2021-09-11
C20DMTG402S-DBLU-X-MD,120.00,2021-09-11
C20DMTG402S-DBLU-X-MD,120.00,2021-09-11
C20DMTG402S-DBLU-X-MD,120.00,2021-09-11
C20DMTG402S-DBLU-X-MD,120.00,2021-09-11
C20DMTG402S-DBLU-X-MD,120.00,2021-09-11
C20DMTG402S-DBLU-X-MD,120.00,2021-09-11
C20DMTG402S-DBLU-X-MD,120.00,2021-09-11
C20DMTG402S-DBLU-X-MD,120.00,2021-09-11
C20DMTG402S-DBLU-X-MD,120.00,2021-09-11
C20DMTG402S-DBLU-X-MD,120.00,2021-09-11
C20DMTG402S-DBLU-X-MD,120.00,2021-09-11
C20DMTG402S-DBLU-X-MD,120.00,2021-09-11
C20DMTG402S-DBLU-X-MD,120.00,2021-09-11
C20DMTG402S-DBLU-X-MD,120.00,2021-09-11
C20DMTG402S-DBLU-X-MD,120.00,2021-09-11
C20DMTG402S-DBLU-X-MD,120.00,2021-09-11
C20DMTG402S-DBLU-X-MD,120.00,2021-09-11
C20DMTG402S-DBLU-X-MD,120.00,2021-09-11
C20DMTG402S-DBLU-X-MD,120.00,2021-09-11
C20DMTG402S-DBLU-X-MD,120.00,2021-09-11
C20DMTG402S-DBLU-X-MD,120.00,2021-09-11
C20DMTG402S-DBLU-X-MD,120.00,2021-09-11
C20DMTG402S-DBLU-X-MD,120.00,2021-09-11
C20DMTG402S-DBLU-X-MD,120.00,2021-09-11
C20DMTG402S-DBLU-X-MD,120.00,2021-09-11
C20DMTG402S-DBLU-X-MD,120.00,2021-09-11
C20DMTG402S-DBLU-X-MD,120.00,2021-09-11
C20DMTG402S-DBLU-X-MD,120.00,2021-09-11
C20DMTG402S-DBLU-X-MD,120.00,2021-09-11
C20DMTG402S-DBLU-X-MD,120.00,2021-09-11
C20DMTG402S-DBLU-X-MD,120.00,2021-09-11
C20DMTG402S-DBLU-X-MD,120.00,2021-09-11
C20DMTG402S-DBLU-X-MD,120.00,2021-09-11
C20DMTG402S-DBLU-X-MD,120.00,2021-09-11
C20DMTG402S-DBLU-X-MD,120.00,2021-09-11
C20DMTG402S-DBLU-X-MD,120.00,2021-09-11
C20DMTG402S-DBLU-X-MD,120.00,2021-09-11
C20DMTG402S-DBLU-X-MD,120.00,2021-09-11
C20DMTG402S-DBLU-X-MD,120.00,2021-09-11
C20DMTG402S-DBLU-X-MD,120.00,2021-09-11
C20DMTG402S-DBLU-X-MD,120.00,2021-09-11
C20DMTG402S-DBLU-X-MD,120.00,2021-09-11
C20DMTG402S-DBLU-X-MD,120.00,2021-09-11
C20DMTG402S-DBLU-X-MD,120.00,2021-09-11
C20DMTG402S-DBLU-X-MD,120.00,2021-09-11
C20DMTG402S-DBLU-X-MD,120.00,2021-09-11
C20DMTG402S-DBLU-X-MD,120.00,2021-09-11
C20DMTG402S-DBLU-X-MD,120.00,2021-09-11
C20DMTG402S-DBLU-X-MD,120.00,2021-09-11
C20DMTG402S-DBLU-X-MD,120.00,2021-09-11
C20DMTG402S-DBLU-X-MD,120.00,2021-09-11
C20DMTG402S-DBLU-X-MD,120.00,2021-09-11
C20DMTG402S-DBLU-X-MD,120.00,2021-09-11
C20DMTG402S-DBLU-X-MD,120.00,2021-09-11
C20DMTG402S-DBLU-X-MD,120.00,2021-09-11
C20DMTG402S-DBLU-X-MD,120.00,2021-09-11
C20DMTG402S-DBLU-X-MD,120.00,2021-09-11
C20DMTG402S-DBLU-X-MD,120.00,2021-09-11
C20DMTG402S-DBLU-X-MD,120.00,2021-09-11
C20DMTG402S-DBLU-X-MD,120.00,2021-09-11
C20DMTG402S-DBLU-X-MD,120.00,2021-09-11
C20DMTG402S-DBLU-X-MD,120.00,2021-09-11
C20DMTG402S-DBLU-X-MD,120.00,2021-09-11
C20DMTG402S-DBLU-X-MD,120.00,2021-09-11
C20DMTG402S-DBLU-X-MD,120.00,2021-09-11
C20DMTG402S-DBLU-X-MD,120.00,2021-09-11
C20DMTG402S-DBLU-X-MD,120.00,2021-09-11
C20DMTG402S-DBLU-X-MD,120.00,2021-09-11
C20DMTG402S-DBLU-X-MD,120.00,2021-09-11
C20DMTG402S-DBLU-X-MD,120.00,2021-09-11
C20DMTG402S-DBLU-X-MD,120.00,2021-09-11
C20DMTG402S-DBLU-X-MD,120.00,2021-09-11
C20DMTG402S-DBLU-X-MD,120.00,2021-09-11
C20DMTG402S-DBLU-X-MD,120.00,2021-09-11
C20DMTG402S-DBLU-X-MD,120.00,2021-09-11
C20DMTG402S-DBLU-X-MD,120.00,2021-09-11
C20DMTG402S-DBLU-X-MD,120.00,2021-09-11
C20DMTG402S-DBLU-X-MD,120.00,2021-09-11
C20DMTG402S-DBLU-X-MD,120.00,2021-09-11
C20DMTG402S-DBLU-X-MD,120.00,2021-09-11
C20DMTG402S-DBLU-X-MD,120.00,2021-09-11
C20DMTG402S-DBLU-X-MD,120.00,2021-09-11
C20DMTG402S-DBLU-X-MD,120.00,2021-09-11
C20DMTG402S-DBLU-X-MD,120.00,2021-09-11
C20DMTG402S-DBLU-X-MD,120.00,2021-09-11
C20DMTG402S-DBLU-X-MD,120.00,2021-09-11
C20DMTG402S-DBLU-X-MD,120.00,2021-09-11
C20DMTG402S-DBLU-X-MD,120.00,2021-09-11
C20DMTG402S-DBLU-X-MD,120.00,2021-09-11
C20DMTG402S-DBLU-X-MD,120.00,2021-09-11
C20DMTG402S-DBLU-X-MD,120.00,2021-09-11
C20DMTG402S-DBLU-X-MD,120.00,2021-09-11
C20DMTG402S-DBLU-X-MD,120.00,2021-09-11
C20DMTG402S-DBLU-X-MD,120.00,2021-09-11
C20DMTG402S-DBLU-X-MD,120.00,2021-09-11
C20DMTG402S-DBLU-X-MD,120.00,2021-09-11
C20DMTG402S-DBLU-X-MD,120.00,2021-09-11
C20DMTG402S-DBLU-X-MD,120.00,2021-09-11
C20DMTG402S-DBLU-X-MD,120.00,2021-09-11
C20DMTG402S-DBLU-X-MD,120.00,2021-09-11
C20DMTG402S-DBLU-X-MD,120.00,2021-09-11
C20DMTG402S-DBLU-X-MD,120.00,2021-09-11
C20DMTG402S-DBLU-X-MD,120.00,2021-09-11
C20DMTG402S-DBLU-X-MD,120.00,2021-09-11
C20DMTG402S-DBLU-X-MD,120.00,2021-09-11
C20DMTG402S-DBLU-X-MD,120.00,2021-09-11
C20DMTG402S-DBLU-X-MD,120.00,2021-09-11
C20DMTG402S-DBLU-X-MD,120.00,2021-09-11
C20DMTG402S-DBLU-X-MD,120.00,2021-09-11
C20DMTG402S-DBLU-X-MD,120.00,2021-09-11
C20DMTG402S-DBLU-X-MD,120.00,2021-09-11
C20DMTG402S-DBLU-X-MD,120.00,2021-09-11
C20DMTG402S-DBLU-X-MD,120.00,2021-09-11
C20DMTG402S-DBLU-X-MD,120.00,2021-09-11
C20DMTG402S-DBLU-X-MD,120.00,2021-09-11
C20DMTG402S-DBLU-X-MD,120.00,2021-09-11
C20DMTG402S-DBLU-X-MD,120.00,2021-09-11
C20DMTG402S-DBLU-X-MD,120.00,2021-09-11
C20DMTG402S-DBLU-X-MD,120.00,2021-09-11
C20DMTG402S-DBLU-X-MD,120.00,2021-09-11
C20DMTG402S-DBLU-X-MD,120.00,2021-09-11
C20DMTG402S-DBLU-X-MD,120.00,2021-09-11
C20DMTG402S-DBLU-X-MD,120.00,2021-09-11
C20DMTG402S-DBLU-X-MD,120.00,2021-09-11
C20DMTG402S-DBLU-X-MD,120.00,2021-09-11
C20DMTG402S-DBLU-X-MD,120.00,2021-09-11
C20DMTG402S-DBLU-X-MD,120.00,2021-09-11
C20DMTG402S-DBLU-X-MD,120.00,2021-09-11
C20DMTG402S-DBLU-X-MD,120.00,2021-09-11
C20DMTG402S-DBLU-X-MD,120.00,2021-09-11
C20DMTG402S-DBLU-X-MD,120.00,2021-09-11
C20DMTG402S-DBLU-X-MD,120.00,2021-09-11
C20DMTG402S-DBLU-X-MD,120.00,2021-09-11
C20DMTG402S-DBLU-X-MD,120.00,2021-09-11
C20DMTG402S-DBLU-X-MD,120.00,2021-09-11
C20DMTG402S-DBLU-X-MD,120.00,2021-09-11
C20DMTG402S-DBLU-X-MD,120.00,2021-09-11
C20DMTG402S-DBLU-X-MD,120.00,2021-09-11
C20DMTG402S-DBLU-X-MD,120.00,2021-09-11
C20DMTG402S-DBLU-X-MD,120.00,2021-09-11
C20DMTG402S-DBLU-X-MD,120.00,2021-09-11
C20DMTG402S-DBLU-X-MD,120.00,2021-09-11
C20DMTG402S-DBLU-X-MD,120.00,2021-09-11
C20DMTG402S-DBLU-X-MD,120.00,2021-09-11
C20DMTG402S-DBLU-X-MD,120.00,2021-09-11
C20DMTG402S-DBLU-X-MD,120.00,2021-09-11
C20DMTG402S-DBLU-X-MD,120.00,2021-09-11
C20DMTG402S-DBLU-X-MD,120.00,2021-09-11
C20DMTG402S-DBLU-X-MD,120.00,2021-09-11
C20DMTG402S-DBLU-X-MD,120.00,2021-09-11
C20DMTG402S-DBLU-X-MD,120.00,2021-09-11
C20DMTG402S-DBLU-X-MD,120.00,2021-09-11
C20DMTG402S-DBLU-X-MD,120.00,2021-09-11
C20DMTG402S-DBLU-X-MD,120.00,2021-09-11
C20DMTG402S-DBLU-X-MD,120.00,2021-09-11
C20DMTG402S-DBLU-X-MD,120.00,2021-09-11
C20DMTG402S-DBLU-X-MD,120.00,2021-09-11
C20DMTG402S-DBLU-X-MD,120.00,2021-09-11
C20DMTG402S-DBLU-X-MD,120.00,2021-09-11
C20DMTG402S-DBLU-X-MD,120.00,2021-09-11
C20DMTG402S-DBLU-X-MD,120.00,2021-09-11
C20DMTG402S-DBLU-X-MD,120.00,2021-09-11
C20DMTG402S-DBLU-X-MD,120.00,2021-09-11
C20DMTG402S-DBLU-X-MD,120.00,2021-09-11
C20DMTG402S-DBLU-X-MD,120.00,2021-09-11
C20DMTG402S-DBLU-X-MD,120.00,2021-09-11
C20DMTG402S-DBLU-X-MD,120.00,2021-09-11
C20DMTG402S-DBLU-X-MD,120.00,2021-09-11
C20DMTG402S-DBLU-X-MD,120.00,2021-09-11
C20DMTG402S-DBLU-X-MD,120.00,2021-09-11
C20DMTG402S-DBLU-X-MD,120.00,2021-09-11
C20DMTG402S-DBLU-X-MD,120.00,2021-09-11
C20DMTG402S-DBLU-X-MD,120.00,2021-09-11
C20DMTG402S-DBLU-X-MD,120.00,2021-09-11
C20DMTG402S-DBLU-X-MD,120.00,2021-09-11
C20DMTG402S-DBLU-X-MD,120.00,2021-09-11
C20DMTG402S-DBLU-X-MD,120.00,2021-09-11
C20DMTG402S-DBLU-X-MD,120.00,2021-09-11
C20DMTG402S-DBLU-X-MD,120.00,2021-09-11
C20DMTG402S-DBLU-X-MD,120.00,2021-09-11
C20DMTG402S-DBLU-X-MD,120.00,2021-09-11
C20DMTG402S-DBLU-X-MD,120.00,2021-09-11
C20DMTG402S-DBLU-X-MD,120.00,2021-09-11
C20DMTG402S-DBLU-X-MD,120.00,2021-09-11
C20DMTG402S-DBLU-X-MD,120.00,2021-09-11
C20DMTG402S-DBLU-X-MD,120.00,2021-09-11
C20DMTG402S-DBLU-X-MD,120.00,2021-09-11
C20DMTG402S-DBLU-X-MD,120.00,2021-09-11
C20DMTG402S-DBLU-X-MD,120.00,2021-09-11
C20DMTG402S-DBLU-X-MD,120.00,2021-09-11
C20DMTG402S-DBLU-X-MD,120.00,2021-09-11
C20DMTG402S-DBLU-X-MD,120.00,2021-09-11
C20DMTG402S-DBLU-X-MD,120.00,2021-09-11
C20DMTG402S-DBLU-X-MD,120.00,2021-09-11
C20DMTG402S-DBLU-X-MD,120.00,2021-09-11
C20DMTG402S-DBLU-X-MD,120.00,2021-09-11
C20DMTG402S-DBLU-X-MD,120.00,2021-09-11
C20DMTG402S-DBLU-X-MD,120.00,2021-09-11
C20DMTG402S-DBLU-X-MD,120.00,2021-09-11
C20DMTG402S-DBLU-X-MD,120.00,2021-09-11
C20DMTG402S-DBLU-X-MD,120.00,2021-09-11
C20DMTG402S-DBLU-X-MD,120.00,2021-09-11
C20DMTG402S-DBLU-X-MD,120.00,2021-09-11
C20DMTG402S-DBLU-X-MD,120.00,2021-09-11
C20DMTG402S-DBLU-X-MD,120.00,2021-09-11
C20DMTG402S-DBLU-X-MD,120.00,2021-09-11
C20DMTG402S-DBLU-X-MD,120.00,2021-09-11
C20DMTG402S-DBLU-X-MD,120.00,2021-09-11
C20DMTG402S-DBLU-X-MD,120.00,2021-09-11
C20DMTG402S-DBLU-X-MD,120.00,2021-09-11
C20DMTG402S-DBLU-X-MD,120.00,2021-09-11
C20DMTG402S-DBLU-X-MD,120.00,2021-09-11
C20DMTG402S-DBLU-X-MD,120.00,2021-09-11
C20DMTG402S-DBLU-X-MD,120.00,2021-09-11
C20DMTG402S-DBLU-X-MD,120.00,2021-09-11
C20DMTG402S-DBLU-X-MD,120.00,2021-09-11
C20DMTG402S-DBLU-X-MD,120.00,2021-09-11
C20DMTG402S-DBLU-X-MD,120.00,2021-09-11
C20DMTG402S-DBLU-X-MD,120.00,2021-09-11
C20DMTG402S-DBLU-X-MD,120.00,2021-09-11
C20DMTG402S-DBLU-X-MD,120.00,2021-09-11
C20DMTG402S-DBLU-X-MD,120.00,2021-09-11
C20DMTG402S-DBLU-X-MD,120.00,2021-09-11
C20DMTG402S-DBLU-X-MD,120.00,2021-09-11
C20DMTG402S-DBLU-X-MD,120.00,2021-09-11
C20DMTG402S-DBLU-X-MD,120.00,2021-09-11
C20DMTG402S-DBLU-X-MD,120.00,2021-09-11
C20DMTG402S-DBLU-X-MD,120.00,2021-09-11
C20DMTG402S-DBLU-X-MD,120.00,2021-09-11
C20DMTG402S-DBLU-X-MD,120.00,2021-09-11
C20DMTG402S-DBLU-X-MD,120.00,2021-09-11
C20DMTG402S-DBLU-X-MD,120.00,2021-09-11
C20DMTG402S-DBLU-X-MD,120.00,2021-09-11
C20DMTG402S-DBLU-X-MD,120.00,2021-09-11
C20DMTG402S-DBLU-X-MD,120.00,2021-09-11
C20DMTG402S-DBLU-X-MD,120.00,2021-09-11
C20DMTG402S-DBLU-X-MD,120.00,2021-09-11
C20DMTG402S-DBLU-X-MD,120.00,2021-09-11
C20DMTG402S-DBLU-X-MD,120.00,2021-09-11
C20DMTG402S-DBLU-X-MD,120.00,2021-09-11
C20DMTG402S-DBLU-X-MD,120.00,2021-09-11
C20DMTG402S-DBLU-X-MD,120.00,2021-09-11
C20DMTG402S-DBLU-X-MD,120.00,2021-09-11
C20DMTG402S-DBLU-X-MD,120.00,2021-09-11
C20DMTG402S-DBLU-X-MD,120.00,2021-09-11
C20DMTG402S-DBLU-X-MD,120.00,2021-09-11
C20DMTG402S-DBLU-X-MD,120.00,2021-09-11
C20DMTG402S-DBLU-X-MD,120.00,2021-09-11
C20DMTG402S-DBLU-X-MD,120.00,2021-09-11
C20DMTG402S-DBLU-X-MD,120.00,2021-09-11
C20DMTG402S-DBLU-X-MD,120.00,2021-09-11
C20DMTG402S-DBLU-X-MD,120.00,2021-09-11
C20DMTG402S-DBLU-X-MD,120.00,2021-09-11
C20DMTG402S-DBLU-X-MD,120.00,2021-09-11
C20DMTG402S-DBLU-X-MD,120.00,2021-09-11
C20DMTG402S-DBLU-X-MD,120.00,2021-09-11
C20DMTG402S-DBLU-X-MD,120.00,2021-09-11
C20DMTG402S-DBLU-X-MD,120.00,2021-09-11
C20DMTG402S-DBLU-X-MD,120.00,2021-09-11
C20DMTG402S-DBLU-X-MD,120.00,2021-09-11
C20DMTG402S-DBLU-X-MD,120.00,2021-09-11
C20DMTG402S-DBLU-X-MD,120.00,2021-09-11
C20DMTG402S-DBLU-X-MD,120.00,2021-09-11
C20DMTG402S-DBLU-X-MD,120.00,2021-09-11
C20DMTG402S-DBLU-X-MD,120.00,2021-09-11
C20DMTG402S-DBLU-X-MD,120.00,2021-09-11
C20DMTG402S-DBLU-X-MD,120.00,2021-09-11
C20DMTG402S-DBLU-X-MD,120.00,2021-09-11
C20DMTG402S-DBLU-X-MD,120.00,2021-09-11
C20DMTG402S-DBLU-X-MD,120.00,2021-09-11
C20DMTG402S-DBLU-X-MD,120.00,2021-09-11
C20DMTG402S-DBLU-X-MD,120.00,2021-09-11
C20DMTG402S-DBLU-X-MD,120.00,2021-09-11
C20DMTG402S-DBLU-X-MD,120.00,2021-09-11
C20DMTG402S-DBLU-X-MD,120.00,2021-09-11
C20DMTG402S-DBLU-X-MD,120.00,2021-09-11
C20DMTG402S-DBLU-X-MD,120.00,2021-09-11
C20DMTG402S-DBLU-X-MD,120.00,2021-09-11
C20DMTG402S-DBLU-X-MD,120.00,2021-09-11
C20DMTG402S-DBLU-X-MD,120.00,2021-09-11
C20DMTG402S-DBLU-X-MD,120.00,2021-09-11
C20DMTG402S-DBLU-X-MD,120.00,2021-09-11
C20DMTG402S-DBLU-X-MD,120.00,2021-09-11
C20DMTG402S-DBLU-X-MD,120.00,2021-09-11
C20DMTG402S-DBLU-X-MD,120.00,2021-09-11
C20DMTG402S-DBLU-X-MD,120.00,2021-09-11
C20DMTG402S-DBLU-X-MD,120.00,2021-09-11
C20DMTG402S-DBLU-X-MD,120.00,2021-09-11
C20DMTG402S-DBLU-X-MD,120.00,2021-09-11
C20DMTG402S-DBLU-X-MD,120.00,2021-09-11
C20DMTG402S-DBLU-X-MD,120.00,2021-09-11
C20DMTG402S-DBLU-X-MD,120.00,2021-09-11
C20DMTG402S-DBLU-X-MD,120.00,2021-09-11
C20DMTG402S-DBLU-X-MD,120.00,2021-09-11
C20DMTG402S-DBLU-X-MD,120.00,2021-09-11
C20DMTG402S-DBLU-X-MD,120.00,2021-09-11
C20DMTG402S-DBLU-X-MD,120.00,2021-09-11
C20DMTG402S-DBLU-X-MD,120.00,2021-09-11
C20DMTG402S-DBLU-X-MD,120.00,2021-09-11
C20DMTG402S-DBLU-X-MD,120.00,2021-09-11
C20DMTG402S-DBLU-X-MD,120.00,2021-09-11
C20DMTG402S-DBLU-X-MD,120.00,2021-09-11
C20DMTG402S-DBLU-X-MD,120.00,2021-09-11
C20DMTG402S-DBLU-X-MD,120.00,2021-09-11
C20DMTG402S-DBLU-X-MD,120.00,2021-09-11
C20DMTG402S-DBLU-X-MD,120.00,2021-09-11
C20DMTG402S-DBLU-X-MD,120.00,2021-09-11
C20DMTG402S-DBLU-X-MD,120.00,2021-09-11
C20DMTG402S-DBLU-X-MD,120.00,2021-09-11
C20DMTG402S-DBLU-X-MD,120.00,2021-09-11
C20DMTG402S-DBLU-X-MD,120.00,2021-09-11
C20DMTG402S-DBLU-X-MD,120.00,2021-09-11
C20DMTG402S-DBLU-X-MD,120.00,2021-09-11
C20DMTG402S-DBLU-X-MD,120.00,2021-09-11
C20DMTG402S-DBLU-X-MD,120.00,2021-09-11
C20DMTG402S-DBLU-X-MD,120.00,2021-09-11
C20DMTG402S-DBLU-X-MD,120.00,2021-09-11
C20DMTG402S-DBLU-X-MD,120.00,2021-09-11
C20DMTG402S-DBLU-X-MD,120.00,2021-09-11
C20DMTG402S-DBLU-X-MD,120.00,2021-09-11
C20DMTG402S-DBLU-X-MD,120.00,2021-09-11
C20DMTG402S-DBLU-X-MD,120.00,2021-09-11
C20DMTG402S-DBLU-X-MD,120.00,2021-09-11
C20DMTG402S-DBLU-X-MD,120.00,2021-09-11
C20DMTG402S-DBLU-X-MD,120.00,2021-09-11
C20DMTG402S-DBLU-X-MD,120.00,2021-09-11
C20DMTG402S-DBLU-X-MD,120.00,2021-09-11
C20DMTG402S-DBLU-X-MD,120.00,2021-09-11
C20DMTG402S-DBLU-X-MD,120.00,2021-09-11
C20DMTG402S-DBLU-X-MD,120.00,2021-09-11
C20DMTG402S-DBLU-X-MD,120.00,2021-09-11
C20DMTG402S-DBLU-X-MD,120.00,2021-09-11
C20DMTG402S-DBLU-X-MD,120.00,2021-09-11
C20DMTG402S-DBLU-X-MD,120.00,2021-09-11
C20DMTG402S-DBLU-X-MD,120.00,2021-09-11
C20DMTG402S-DBLU-X-MD,120.00,2021-09-11
C20DMTG402S-DBLU-X-MD,120.00,2021-09-11
C20DMTG402S-DBLU-X-MD,120.00,2021-09-11
C20DMTG402S-DBLU-X-MD,120.00,2021-09-11
C20DMTG402S-DBLU-X-MD,120.00,2021-09-11
C20DMTG402S-DBLU-X-MD,120.00,2021-09-11
C20DMTG402S-DBLU-X-MD,120.00,2021-09-11
C20DMTG402S-DBLU-X-MD,120.00,2021-09-11
C20DMTG402S-DBLU-X-MD,120.00,2021-09-11
C20DMTG402S-DBLU-X-MD,120.00,2021-09-11
C20DMTG402S-DBLU-X-MD,120.00,2021-09-11
C20DMTG402S-DBLU-X-MD,120.00,2021-09-11
C20DMTG402S-DBLU-X-MD,120.00,2021-09-11
C20DMTG402S-DBLU-X-MD,120.00,2021-09-11
C20DMTG402S-DBLU-X-MD,120.00,2021-09-11
C20DMTG402S-DBLU-X-MD,120.00,2021-09-11
C20DMTG402S-DBLU-X-MD,120.00,2021-09-11
C20DMTG402S-DBLU-X-MD,120.00,2021-09-11
C20DMTG402S-DBLU-X-MD,120.00,2021-09-11
C20DMTG402S-DBLU-X-MD,120.00,2021-09-11
C20DMTG402S-DBLU-X-MD,120.00,2021-09-11
C20DMTG402S-DBLU-X-MD,120.00,2021-09-11
C20DMTG402S-DBLU-X-MD,120.00,2021-09-11
C20DMTG402S-DBLU-X-MD,120.00,2021-09-11
C20DMTG402S-DBLU-X-MD,120.00,2021-09-11
C20DMTG402S-DBLU-X-MD,120.00,2021-09-11
C20DMTG402S-DBLU-X-MD,120.00,2021-09-11
C20DMTG402S-DBLU-X-MD,120.00,2021-09-11
C20DMTG402S-DBLU-X-MD,120.00,2021-09-11
C20DMTG402S-DBLU-X-MD,120.00,2021-09-11
C20DMTG402S-DBLU-X-MD,120.00,2021-09-11
C20DMTG402S-DBLU-X-MD,120.00,2021-09-11
C20DMTG402S-DBLU-X-MD,120.00,2021-09-11
C20DMTG402S-DBLU-X-MD,120.00,2021-09-11
C20DMTG402S-DBLU-X-MD,120.00,2021-09-11
C20DMTG402S-DBLU-X-MD,120.00,2021-09-11
C20DMTG402S-DBLU-X-MD,120.00,2021-09-11
C20DMTG402S-DBLU-X-MD,120.00,2021-09-11
C20DMTG402S-DBLU-X-MD,120.00,2021-09-11
C20DMTG402S-DBLU-X-MD,120.00,2021-09-11
C20DMTG402S-DBLU-X-MD,120.00,2021-09-11
C20DMTG402S-DBLU-X-MD,120.00,2021-09-11
C20DMTG402S-DBLU-X-MD,120.00,2021-09-11
C20DMTG402S-DBLU-X-MD,120.00,2021-09-11
C20DMTG402S-DBLU-X-MD,120.00,2021-09-11
C20DMTG402S-DBLU-X-MD,120.00,2021-09-11
C20DMTG402S-DBLU-X-MD,120.00,2021-09-11
C20DMTG402S-DBLU-X-MD,120.00,2021-09-11
C20DMTG402S-DBLU-X-MD,120.00,2021-09-11
C20DMTG402S-DBLU-X-MD,120.00,2021-09-11
C20DMTG402S-DBLU-X-MD,120.00,2021-09-11
C20DMTG402S-DBLU-X-MD,120.00,2021-09-11
C20DMTG402S-DBLU-X-MD,120.00,2021-09-11
C20DMTG402S-DBLU-X-MD,120.00,2021-09-11
C20DMTG402S-DBLU-X-MD,120.00,2021-09-11
C20DMTG402S-DBLU-X-MD,120.00,2021-09-11
C20DMTG402S-DBLU-X-MD,120.00,2021-09-11
C20DMTG402S-DBLU-X-MD,120.00,2021-09-11
C20DMTG402S-DBLU-X-MD,120.00,2021-09-11
C20DMTG402S-DBLU-X-MD,120.00,2021-09-11
C20DMTG402S-DBLU-X-MD,120.00,2021-09-11
C20DMTG402S-DBLU-X-MD,120.00,2021-09-11
C20DMTG402S-DBLU-X-MD,120.00,2021-09-11
C20DMTG402S-DBLU-X-MD,120.00,2021-09-11
C20DMTG402S-DBLU-X-MD,120.00,2021-09-11
C20DMTG402S-DBLU-X-MD,120.00,2021-09-11
C20DMTG402S-DBLU-X-MD,120.00,2021-09-11
C20DMTG402S-DBLU-X-MD,120.00,2021-09-11
C20DMTG402S-DBLU-X-MD,120.00,2021-09-11
C20DMTG402S-DBLU-X-MD,120.00,2021-09-11
C20DMTG402S-DBLU-X-MD,120.00,2021-09-11
C20DMTG402S-DBLU-X-MD,120.00,2021-09-11
C20DMTG402S-DBLU-X-MD,120.00,2021-09-11
C20DMTG402S-DBLU-X-MD,120.00,2021-09-11
C20DMTG402S-DBLU-X-MD,120.00,2021-09-11
C20DMTG402S-DBLU-X-MD,120.00,2021-09-11
C20DMTG402S-DBLU-X-MD,120.00,2021-09-11
C20DMTG402S-DBLU-X-MD,120.00,2021-09-11
C20DMTG402S-DBLU-X-MD,120.00,2021-09-11
C20DMTG402S-DBLU-X-MD,120.00,2021-09-11
C20DMTG402S-DBLU-X-MD,120.00,2021-09-11
C20DMTG402S-DBLU-X-MD,120.00,2021-09-11
C20DMTG402S-DBLU-X-MD,120.00,2021-09-11
C20DMTG402S-DBLU-X-MD,120.00,2021-09-11
C20DMTG402S-DBLU-X-MD,120.00,2021-09-11
C20DMTG402S-DBLU-X-MD,120.00,2021-09-11
C20DMTG402S-DBLU-X-MD,120.00,2021-09-11
C20DMTG402S-DBLU-X-MD,120.00,2021-09-11
C20DMTG402S-DBLU-X-MD,120.00,2021-09-11
C20DMTG402S-DBLU-X-MD,120.00,2021-09-11
C20DMTG402S-DBLU-X-MD,120.00,2021-09-11
C20DMTG402S-DBLU-X-MD,120.00,2021-09-11
C20DMTG402S-DBLU-X-MD,120.00,2021-09-11
C20DMTG402S-DBLU-X-MD,120.00,2021-09-11
C20DMTG402S-DBLU-X-MD,120.00,2021-09-11
C20DMTG402S-DBLU-X-MD,120.00,2021-09-11
C20DMTG402S-DBLU-X-MD,120.00,2021-09-11
C20DMTG402S-DBLU-X-MD,120.00,2021-09-11
C20DMTG402S-DBLU-X-MD,120.00,2021-09-11
C20DMTG402S-DBLU-X-MD,120.00,2021-09-11
C20DMTG402S-DBLU-X-MD,120.00,2021-09-11
C20DMTG402S-DBLU-X-MD,120.00,2021-09-11
C20DMTG402S-DBLU-X-MD,120.00,2021-09-11
C20DMTG402S-DBLU-X-MD,120.00,2021-09-11
C20DMTG402S-DBLU-X-MD,120.00,2021-09-11
C20DMTG402S-DBLU-X-MD,120.00,2021-09-11
C20DMTG402S-DBLU-X-MD,120.00,2021-09-11
C20DMTG402S-DBLU-X-MD,120.00,2021-09-11
C20DMTG402S-DBLU-X-MD,120.00,2021-09-11
C20DMTG402S-DBLU-X-MD,120.00,2021-09-11
C20DMTG402S-DBLU-X-MD,120.00,2021-09-11
C20DMTG402S-DBLU-X-MD,120.00,2021-09-11
C20DMTG402S-DBLU-X-MD,120.00,2021-09-11
C20DMTG402S-DBLU-X-MD,120.00,2021-09-11
C20DMTG402S-DBLU-X-MD,120.00,2021-09-11
C20DMTG402S-DBLU-X-MD,120.00,2021-09-11
C20DMTG402S-DBLU-X-MD,120.00,2021-09-11
C20DMTG402S-DBLU-X-MD,120.00,2021-09-11
C20DMTG402S-DBLU-X-MD,120.00,2021-09-11
C20DMTG402S-DBLU-X-MD,120.00,2021-09-11
C20DMTG402S-DBLU-X-MD,120.00,2021-09-11
C20DMTG402S-DBLU-X-MD,120.00,2021-09-11
C20DMTG402S-DBLU-X-MD,120.00,2021-09-11
C20DMTG402S-DBLU-X-MD,120.00,2021-09-11
C20DMTG402S-DBLU-X-MD,120.00,2021-09-11
C20DMTG402S-DBLU-X-MD,120.00,2021-09-11
C20DMTG402S-DBLU-X-MD,120.00,2021-09-11
C20DMTG402S-DBLU-X-MD,120.00,2021-09-11
C20DMTG402S-DBLU-X-MD,120.00,2021-09-11
C20DMTG402S-DBLU-X-MD,120.00,2021-09-11
C20DMTG402S-DBLU-X-MD,120.00,2021-09-11
C20DMTG402S-DBLU-X-MD,120.00,2021-09-11
C20DMTG402S-DBLU-X-MD,120.00,2021-09-11
C20DMTG402S-DBLU-X-MD,120.00,2021-09-11
C20DMTG402S-DBLU-X-MD,120.00,2021-09-11
C20DMTG402S-DBLU-X-MD,120.00,2021-09-11
C20DMTG402S-DBLU-X-MD,120.00,2021-09-11
C20DMTG402S-DBLU-X-MD,120.00,2021-09-11
C20DMTG402S-DBLU-X-MD,120.00,2021-09-11
C20DMTG402S-DBLU-X-MD,120.00,2021-09-11
C20DMTG402S-DBLU-X-MD,120.00,2021-09-11
C20DMTG402S-DBLU-X-MD,120.00,2021-09-11
C20DMTG402S-DBLU-X-MD,120.00,2021-09-11
C20DMTG402S-DBLU-X-MD,120.00,2021-09-11
C20DMTG402S-DBLU-X-MD,120.00,2021-09-11
C20DMTG402S-DBLU-X-MD,120.00,2021-09-11
C20DMTG402S-DBLU-X-MD,120.00,2021-09-11
C20DMTG402S-DBLU-X-MD,120.00,2021-09-11
C20DMTG402S-DBLU-X-MD,120.00,2021-09-11
C20DMTG402S-DBLU-X-MD,120.00,2021-09-11
C20DMTG402S-DBLU-X-MD,120.00,2021-09-11
C20DMTG402S-DBLU-X-MD,120.00,2021-09-11
C20DMTG402S-DBLU-X-MD,120.00,2021-09-11
C20DMTG402S-DBLU-X-MD,120.00,2021-09-11
C20DMTG402S-DBLU-X-MD,120.00,2021-09-11
C20DMTG402S-DBLU-X-MD,120.00,2021-09-11
C20DMTG402S-DBLU-X-MD,120.00,2021-09-11
C20DMTG402S-DBLU-X-MD,120.00,2021-09-11
C20DMTG402S-DBLU-X-MD,120.00,2021-09-11
C20DMTG402S-DBLU-X-MD,120.00,2021-09-11
C20DMTG402S-DBLU-X-MD,120.00,2021-09-11
C20DMTG402S-DBLU-X-MD,120.00,2021-09-11
C20DMTG402S-DBLU-X-MD,120.00,2021-09-11
C20DMTG402S-DBLU-X-MD,120.00,2021-09-11
C20DMTG402S-DBLU-X-MD,120.00,2021-09-11
C20DMTG402S-DBLU-X-MD,120.00,2021-09-11
C20DMTG402S-DBLU-X-MD,120.00,2021-09-11
C20DMTG402S-DBLU-X-MD,120.00,2021-09-11
C20DMTG402S-DBLU-X-MD,120.00,2021-09-11
C20DMTG402S-DBLU-X-MD,120.00,2021-09-11
C20DMTG402S-DBLU-X-MD,120.00,2021-09-11
C20DMTG402S-DBLU-X-MD,120.00,2021-09-11
C20DMTG402S-DBLU-X-MD,120.00,2021-09-11
C20DMTG402S-DBLU-X-MD,120.00,2021-09-11
C20DMTG402S-DBLU-X-MD,120.00,2021-09-11
C20DMTG402S-DBLU-X-MD,120.00,2021-09-11
C20DMTG402S-DBLU-X-MD,120.00,2021-09-11
C20DMTG402S-DBLU-X-MD,120.00,2021-09-11
C20DMTG402S-DBLU-X-MD,120.00,2021-09-11
C20DMTG402S-DBLU-X-MD,120.00,2021-09-11
C20DMTG402S-DBLU-X-MD,120.00,2021-09-11
C20DMTG402S-DBLU-X-MD,120.00,2021-09-11
C20DMTG402S-DBLU-X-MD,120.00,2021-09-11
C20DMTG402S-DBLU-X-MD,120.00,2021-09-11
C20DMTG402S-DBLU-X-MD,120.00,2021-09-11
C20DMTG402S-DBLU-X-MD,120.00,2021-09-11
C20DMTG402S-DBLU-X-MD,120.00,2021-09-11
C20DMTG402S-DBLU-X-MD,120.00,2021-09-11
C20DMTG402S-DBLU-X-MD,120.00,2021-09-11
C20DMTG402S-DBLU-X-MD,120.00,2021-09-11
C20DMTG402S-DBLU-X-MD,120.00,2021-09-11
C20DMTG402S-DBLU-X-MD,120.00,2021-09-11
C20DMTG402S-DBLU-X-MD,120.00,2021-09-11
C20DMTG402S-DBLU-X-MD,120.00,2021-09-11
C20DMTG402S-DBLU-X-MD,120.00,2021-09-11
C20DMTG402S-DBLU-X-MD,120.00,2021-09-11
C20DMTG402S-DBLU-X-MD,120.00,2021-09-11
C20DMTG402S-DBLU-X-MD,120.00,2021-09-11
C20DMTG402S-DBLU-X-MD,120.00,2021-09-11
C20DMTG402S-DBLU-X-MD,120.00,2021-09-11
C20DMTG402S-DBLU-X-MD,120.00,2021-09-11
C20DMTG402S-DBLU-X-MD,120.00,2021-09-11
C20DMTG402S-DBLU-X-MD,120.00,2021-09-11
C20DMTG402S-DBLU-X-MD,120.00,2021-09-11
C20DMTG402S-DBLU-X-MD,120.00,2021-09-11
C20DMTG402S-DBLU-X-MD,120.00,2021-09-11
C20DMTG402S-DBLU-X-MD,120.00,2021-09-11
C20DMTG402S-DBLU-X-MD,120.00,2021-09-11
C20DMTG402S-DBLU-X-MD,120.00,2021-09-11
C20DMTG402S-DBLU-X-MD,120.00,2021-09-11
C20DMTG402S-DBLU-X-MD,120.00,2021-09-11
C20DMTG402S-DBLU-X-MD,120.00,2021-09-11
C20DMTG402S-DBLU-X-MD,120.00,2021-09-11
C20DMTG402S-DBLU-X-MD,120.00,2021-09-11
C20DMTG402S-DBLU-X-MD,120.00,2021-09-11
C20DMTG402S-DBLU-X-MD,120.00,2021-09-11
C20DMTG402S-DBLU-X-MD,120.00,2021-09-11
C20DMTG402S-DBLU-X-MD,120.00,2021-09-11
C20DMTG402S-DBLU-X-MD,120.00,2021-09-11
C20DMTG402S-DBLU-X-MD,120.00,2021-09-11
C20DMTG402S-DBLU-X-MD,120.00,2021-09-11
C20DMTG402S-DBLU-X-MD,120.00,2021-09-11
C20DMTG402S-DBLU-X-MD,120.00,2021-09-11
C20DMTG402S-DBLU-X-MD,120.00,2021-09-11
C20DMTG402S-DBLU-X-MD,120.00,2021-09-11
C20DMTG402S-DBLU-X-MD,120.00,2021-09-11
C20DMTG402S-DBLU-X-MD,120.00,2021-09-11
C20DMTG402S-DBLU-X-MD,120.00,2021-09-11
C20DMTG402S-DBLU-X-MD,120.00,2021-09-11
C20DMTG402S-DBLU-X-MD,120.00,2021-09-11
C20DMTG402S-DBLU-X-MD,120.00,2021-09-11
C20DMTG402S-DBLU-X-MD,120.00,2021-09-11
C20DMTG402S-DBLU-X-MD,120.00,2021-09-11
C20DMTG402S-DBLU-X-MD,120.00,2021-09-11
C20DMTG402S-DBLU-X-MD,120.00,2021-09-11
C20DMTG402S-DBLU-X-MD,120.00,2021-09-11
C20DMTG402S-DBLU-X-MD,120.00,2021-09-11
C20DMTG402S-DBLU-X-MD,120.00,2021-09-11
C20DMTG402S-DBLU-X-MD,120.00,2021-09-11
C20DMTG402S-DBLU-X-MD,120.00,2021-09-11
C20DMTG402S-DBLU-X-MD,120.00,2021-09-11
C20DMTG402S-DBLU-X-MD,120.00,2021-09-11
C20DMTG402S-DBLU-X-MD,120.00,2021-09-11
C20DMTG402S-DBLU-X-MD,120.00,2021-09-11
C20DMTG402S-DBLU-X-MD,120.00,2021-09-11
C20DMTG402S-DBLU-X-MD,120.00,2021-09-11
C20DMTG402S-DBLU-X-MD,120.00,2021-09-11
C20DMTG402S-DBLU-X-MD,120.00,2021-09-11
C20DMTG402S-DBLU-X-MD,120.00,2021-09-11
C20DMTG402S-DBLU-X-MD,120.00,2021-09-11
C20DMTG402S-DBLU-X-MD,120.00,2021-09-11
C20DMTG402S-DBLU-X-MD,120.00,2021-09-11
C20DMTG402S-DBLU-X-MD,120.00,2021-09-11
C20DMTG402S-DBLU-X-MD,120.00,2021-09-11
C20DMTG402S-DBLU-X-MD,120.00,2021-09-11
C20DMTG402S-DBLU-X-MD,120.00,2021-09-11
C20DMTG402S-DBLU-X-MD,120.00,2021-09-11
C20DMTG402S-DBLU-X-MD,120.00,2021-09-11
C20DMTG402S-DBLU-X-MD,120.00,2021-09-11
C20DMTG402S-DBLU-X-MD,120.00,2021-09-11
C20DMTG402S-DBLU-X-MD,120.00,2021-09-11
C20DMTG402S-DBLU-X-MD,120.00,2021-09-11
C20DMTG402S-DBLU-X-MD,120.00,2021-09-11
C20DMTG402S-DBLU-X-MD,120.00,2021-09-11
C20DMTG402S-DBLU-X-MD,120.00,2021-09-11
C20DMTG402S-DBLU-X-MD,120.00,2021-09-11
C20DMTG402S-DBLU-X-MD,120.00,2021-09-11
C20DMTG402S-DBLU-X-MD,120.00,2021-09-11
C20DMTG402S-DBLU-X-MD,120.00,2021-09-11
C20DMTG402S-DBLU-X-MD,120.00,2021-09-11
C20DMTG402S-DBLU-X-MD,120.00,2021-09-11
C20DMTG402S-DBLU-X-MD,120.00,2021-09-11
C20DMTG402S-DBLU-X-MD,120.00,2021-09-11
C20DMTG402S-DBLU-X-MD,120.00,2021-09-11
C20DMTG402S-DBLU-X-MD,120.00,2021-09-11
C20DMTG402S-DBLU-X-MD,120.00,2021-09-11
C20DMTG402S-DBLU-X-MD,120.00,2021-09-11
C20DMTG402S-DBLU-X-MD,120.00,2021-09-11
C20DMTG402S-DBLU-X-MD,120.00,2021-09-11
C20DMTG402S-DBLU-X-MD,120.00,2021-09-11
C20DMTG402S-DBLU-X-MD,120.00,2021-09-11
C20DMTG402S-DBLU-X-MD,120.00,2021-09-11
C20DMTG402S-DBLU-X-MD,120.00,2021-09-11
C20DMTG402S-DBLU-X-MD,120.00,2021-09-11
C20DMTG402S-DBLU-X-MD,120.00,2021-09-11
C20DMTG402S-DBLU-X-MD,120.00,2021-09-11
C20DMTG402S-DBLU-X-MD,120.00,2021-09-11
C20DMTG402S-DBLU-X-MD,120.00,2021-09-11
C20DMTG402S-DBLU-X-MD,120.00,2021-09-11
C20DMTG402S-DBLU-X-MD,120.00,2021-09-11
C20DMTG402S-DBLU-X-MD,120.00,2021-09-11
C20DMTG402S-DBLU-X-MD,120.00,2021-09-11
C20DMTG402S-DBLU-X-MD,120.00,2021-09-11
